{"name":"sbt","version":"1.10.1","bspVersion":"2.1.0-M1","languages":["scala"],"argv":["/Users/kylianthezenas/Library/Caches/Coursier/arc/https/github.com/adoptium/temurin11-binaries/releases/download/jdk-11.0.24%252B8/OpenJDK11U-jdk_x64_mac_hotspot_11.0.24_8.tar.gz/jdk-11.0.24+8/Contents/Home/bin/java","-Xms100m","-Xmx100m","-classpath","/Users/kylianthezenas/Library/Caches/Coursier/arc/https/github.com/sbt/sbt/releases/download/v1.10.1/sbt-1.10.1.zip/sbt/bin/sbt-launch.jar","-Dsbt.script=/Users/kylianthezenas/Library/Caches/Coursier/arc/https/github.com/sbt/sbt/releases/download/v1.10.1/sbt-1.10.1.zip/sbt/bin/sbt","xsbt.boot.Boot","-bsp"]}